graph_size,graph_dimension,num_trials,runtime_secs,weight
8,1,5,0,0.9796159054475545
32,1,5,0,1.3499678452386228
8,2,5,0,1.709853396691173
32,2,5,0,3.855061885226001
8,3,5,0,2.6670165511739787
32,3,5,0,7.427862706042836
8,4,5,0,3.4709207403987166
32,4,5,0,10.421850445479366
